{
  "error": "",
  "result": {
    "data": {
      "deposit_address_crypto": {
        "deposit_address_crypto_id": "3bf7843c-8dde-41b9-8a31-5836e2f45e90",
        "currency_id": "BTC",
        "address": "1MHdXjnz5TuKhScZsk23b22ghCkr2irGS2",
        "address_tag_type": null,
        "address_tag_value": "",
        "network": "bitcoin",
        "created_at": "2024-02-21 09:14:45",
        "updated_at": "2024-02-21 09:14:45"
      }
    }
  },
  "http_code": 200
},
{
  "error": "",
  "result": {
    "data": {
      "deposit_address_crypto": {
        "deposit_address_crypto_id": "f1c41b41-980c-49d6-930f-6b4642eb8e1c",
        "currency_id": "USDT",
        "address": "0x98D1B377b1e1d6BA6f5C493102035e3ea7bd177F",
        "address_tag_type": null,
        "address_tag_value": "",
        "network": "ethereum",
        "created_at": "2024-02-21 09:26:59",
        "updated_at": "2024-02-21 09:26:59"
      }
    }
  },
  "http_code": 200
}