{
  "paymentExpiryDateTime": "2024-02-29T21:37:42",
  "customFieldList": [
    {
      "fieldName": "RealField",
      "fieldValue": "This is real"
    }
  ],
  "payslipURL": null,
  "deviceDetails": {
    "browser": "Chrome 121",
    "browserAcceptHeader": null,
    "browserIP": "212.102.40.11",
    "browserJavaEnabled": "N",
    "browserLanguage": "en-US",
    "browserColorDepth": 24,
    "browserScreenHeight": 703,
    "browserScreenWidth": 706,
    "browserTZ": 360,
    "browserUserAgent": "Mozilla\/5.0 (Windows NT 10.0; Win64; x64) AppleWebKit\/537.36 (KHTML, like Gecko) Chrome\/121.0.0.0 Safari\/537.36 Avast\/121.0.0.0",
    "mobileDeviceFlag": "Y"
  },
  "billingAddress": null,
  "shippingAddress": null,
  "terminalId": "05010108",
  "fraudDetails": null,
  "timeline": {
    "crossTransactionsTimeline": [],
    "flowSet": [
      {
        "timestamp": "2024-02-29T20:52:42",
        "paymentStatus": "PCPS",
        "paymentStep": "GP",
        "idNo": "452f33d912e545d6a969d95857c1d0bd"
      },
      {
        "timestamp": "2024-02-29T20:54:35",
        "paymentStatus": "I",
        "paymentStep": "IP",
        "idNo": "452f33d912e545d6a969d95857c1d0bd"
      },
      {
        "timestamp": "2024-02-29T20:54:36",
        "paymentStatus": "I",
        "paymentStep": "CP",
        "idNo": "452f33d912e545d6a969d95857c1d0bd"
      },
      {
        "timestamp": "2024-02-29T20:54:36",
        "paymentStatus": "I",
        "paymentStep": "EG",
        "idNo": "452f33d912e545d6a969d95857c1d0bd"
      },
      {
        "timestamp": "2024-02-29T20:54:36",
        "paymentStatus": "I",
        "paymentStep": "FP",
        "idNo": "452f33d912e545d6a969d95857c1d0bd"
      },
      {
        "timestamp": "2024-02-29T20:54:36",
        "paymentStatus": "I",
        "paymentStep": "AC",
        "idNo": "452f33d912e545d6a969d95857c1d0bd"
      },
      {
        "timestamp": "2024-02-29T20:54:36",
        "paymentStatus": "I",
        "paymentStep": "VP",
        "idNo": "452f33d912e545d6a969d95857c1d0bd"
      },
      {
        "timestamp": "2024-02-29T20:54:39",
        "paymentStatus": "A",
        "paymentStep": "PA",
        "idNo": "452f33d912e545d6a969d95857c1d0bd"
      }
    ]
  },
  "transactionDateTime": "2024-02-29T20:54:35",
  "orderNo": "1709239961958",
  "productDescription": "For buying 122.200000 USDT",
  "invoiceNo2C2P": "JDB0000002802",
  "pspReferenceNo": "406105000187",
  "controllerInternalId": "452f33d912e545d6a969d95857c1d0bd",
  "paymentStatusInfo": {
    "paymentStatus": "A",
    "paymentStep": "PA",
    "lastUpdatedDttm": "2024-02-29T20:54:39"
  },
  "paymentCategory": "ECOM",
  "paymentType": "CC-CA",
  "channelCode": null,
  "agentCode": null,
  "creditCardDetails": {
    "issuerCode": null,
    "issuerBankCountry": null,
    "localScheme": null,
    "issuerBankName": null,
    "payerName": "Darrell Rogers",
    "cardHolderName": "DARRELL ROGERS",
    "cardNumber": "538919XXXXXX2423",
    "cardExpiry": "XXXX",
    "authenticationStatus": "Y",
    "eciValue": "02",
    "xidValue": null,
    "enrolledFlag": null
  },
  "mcpFlag": "N",
  "mcpTypeList": null,
  "transactionAmount": {
    "amountText": "000000013000",
    "currencyCode": "USD",
    "decimalPlaces": 2,
    "amount": 130
  },
  "settlementAmount": null,
  "refundableAmount": null,
  "originalTransactionAmount": null,
  "approvalCode": "000009",
  "purchaseItems": null,
  "officeId": "000002105010108",
  "officeName": "Ultimo Payment",
  "pspName": "JDB",
  "pspMid": "000002105010108",
  "failedReason": null,
  "pspResponse": {
    "responseMessageId": "2f48bbe3-9fba-42ca-ad18-8738d3c1f267",
    "responseToRequestMessageId": null,
    "responseCode": "00",
    "responseDescription": "Success",
    "responseDateTime": "2024-02-29T20:54:39",
    "responseTime": 0,
    "approvalCode": "000009",
    "acquirerResponseCode": "00",
    "acquirerResponseDescription": "Approved"
  },
  "generalPayerDetails": {
    "personType": null,
    "seqNo": 0,
    "email": null,
    "mobilePhone": null,
    "mobilePhoneCountryCode": null,
    "businessPhone": null,
    "businessPhoneCountryCode": null,
    "emailForFxReceipt": null
  },
  "authenticationStatus": "Y"
}
