{
    "data": [
        {
            "paymentExpiryDateTime": "2024-08-19T09:18:17",
            "customFieldList": [
                {
                    "fieldName": "fee",
                    "fieldValue": "0.0009"
                },
                {
                    "fieldName": "feePercent",
                    "fieldValue": "9"
                },
                {
                    "fieldName": "partner",
                    "fieldValue": "API.KAISERPAYMENT.COM"
                },
                {
                    "fieldName": "email",
                    "fieldValue": "minamide@optlynx.com"
                },
                {
                    "fieldName": "name",
                    "fieldValue": "HAJIME MINAMIDE"
                }
            ],
            "payslipURL": null,
            "deviceDetails": {
                "browser": null,
                "browserAcceptHeader": null,
                "browserIP": "10.226.155.12",
                "browserJavaEnabled": null,
                "browserLanguage": null,
                "browserColorDepth": 0,
                "browserScreenHeight": 0,
                "browserScreenWidth": 0,
                "browserTZ": 0,
                "browserUserAgent": null,
                "mobileDeviceFlag": null
            },
            "billingAddress": null,
            "shippingAddress": null,
            "terminalId": null,
            "fraudDetails": null,
            "timeline": {
                "crossTransactionsTimeline": [],
                "flowSet": [
                    {
                        "timestamp": "2024-08-19T08:33:17",
                        "paymentStatus": "I",
                        "paymentStep": "IP",
                        "idNo": "66d10cf4aad04d0a8f6ddad2875f76bf"
                    },
                    {
                        "timestamp": "2024-08-19T08:33:18",
                        "paymentStatus": "I",
                        "paymentStep": "CP",
                        "idNo": "66d10cf4aad04d0a8f6ddad2875f76bf"
                    },
                    {
                        "timestamp": "2024-08-19T08:33:18",
                        "paymentStatus": "I",
                        "paymentStep": "EG",
                        "idNo": "66d10cf4aad04d0a8f6ddad2875f76bf"
                    },
                    {
                        "timestamp": "2024-08-19T08:33:18",
                        "paymentStatus": "I",
                        "paymentStep": "FP",
                        "idNo": "66d10cf4aad04d0a8f6ddad2875f76bf"
                    },
                    {
                        "timestamp": "2024-08-19T08:33:20",
                        "paymentStatus": "I",
                        "paymentStep": "AC",
                        "idNo": "66d10cf4aad04d0a8f6ddad2875f76bf"
                    }
                ]
            },
            "transactionDateTime": "2024-08-19T08:33:17",
            "orderNo": "1724056396756",
            "productDescription": "TEST MINAMIDE",
            "invoiceNo2C2P": "JDB0000000622",
            "pspReferenceNo": null,
            "controllerInternalId": "66d10cf4aad04d0a8f6ddad2875f76bf",
            "paymentStatusInfo": {
                "paymentStatus": "I",
                "paymentStep": "AC",
                "lastUpdatedDttm": "2024-08-19T08:33:20"
            },
            "paymentCategory": "ECOM",
            "paymentType": "CC-VI",
            "channelCode": null,
            "agentCode": null,
            "creditCardDetails": {
                "issuerCode": null,
                "issuerBankCountry": null,
                "localScheme": null,
                "issuerBankName": null,
                "payerName": "HAJIME MINAMIDE",
                "cardHolderName": "HAJIME MINAMIDE",
                "cardNumber": "454191XXXXXX9101",
                "cardExpiry": "XXXX",
                "authenticationStatus": "C",
                "eciValue": null,
                "xidValue": null,
                "enrolledFlag": null
            },
            "mcpFlag": "N",
            "mcpTypeList": null,
            "transactionAmount": {
                "amountText": "000000000001",
                "currencyCode": "USD",
                "decimalPlaces": 2,
                "amount": 0.01
            },
            "settlementAmount": null,
            "refundableAmount": null,
            "originalTransactionAmount": null,
            "approvalCode": null,
            "purchaseItemize": null,
            "officeId": "000002105010090",
            "officeName": "KAISER PAYMENT",
            "pspName": "JDB",
            "pspMid": "000002105010090",
            "failedReason": null,
            "pspResponse": null,
            "generalPayerDetails": {
                "personType": null,
                "seqNo": 0,
                "email": null,
                "mobilePhone": null,
                "mobilePhoneCountryCode": null,
                "businessPhone": null,
                "businessPhoneCountryCode": null,
                "emailForFxReceipt": null
            },
            "authenticationStatus": "C"
        }
    ],
    "version": "1.0",
    "apiResponse": {
        "responseMessageId": "97d87027-ac3d-4b18-9228-0cfdd7bab419",
        "responseToRequestMessageId": "0HN5NPOGU4IVV:00000007",
        "responseCode": "PC-B050000",
        "responseDescription": "Success",
        "responseDateTime": "2024-08-19T08:33:21.4200331Z",
        "responseTime": 70,
        "acquirerResponseCode": null,
        "acquirerResponseDescription": null,
        "eciValue": null,
        "marketingDescription": null
    }
}